text,label,text_clean,text_classical,pred
" Technology is the bridge that connects people across the world and creates a community through cyber communication. It saves time and is the best way to connect with people who are far away from each other, taking only seconds to contact them. Using new technology is like playing a video game, one of the most famous creations of new technology.

Technology does not limit the connection between people, as it helps people to create new connections through the best communication sites, the fastest way of connection between humans that are far located from each other, and also less cost of contact between people.

Technology was the solution to the lack of connection between humans that was misunderstood by a minority of people who never used the way that should be used. Scientists, after extensive research, have found that technology is the best way to persuade people to connect with each other. Technology was created for one purpose, to make life easier for humans, and create a great communication way through the world that connects with each other.

Technology planned and designed to make the fastest way between humans, without taking longer time, making it so easy for people to communicate with each other. One of the most amazing creations of technology is news that people around the world can get to know about every new thing.

Technology, besides saving time, also costs less to connect with each other, making it so easy for people who are willing to communicate with others over the fastest connection, and less cost.

Using new technology is fun like video games, designed for different ages by different versions, and levels. Nowadays, technology is the biggest part of human life, almost running in every aspect of it. However, some people believe that technology is not helpful to have an advanced system of technology.

Minority of people misconstrue about technology because they never used the advanced technology or they might have used it but never realized because at some points, there are some how people should be aware of how to use it, and it all needs knowledge that some people don't have that so it's really hard for them to use it.

Technology might be useful to communicate with people, but sometimes it's hard for those groups of people who don't have the knowledge of how to use it, to get benefits from it. So everything comes back to the circle that people connected with it, but this circle also needs",1,"Technology is the bridge that connects people across the world and creates a community through cyber communication. It saves time and is the best way to connect with people who are far away from each other, taking only seconds to contact them. Using new technology is like playing a video game, one of the most famous creations of new technology. Technology does not limit the connection between people, as it helps people to create new connections through the best communication sites, the fastest way of connection between humans that are far located from each other, and also less cost of contact between people. Technology was the solution to the lack of connection between humans that was misunderstood by a minority of people who never used the way that should be used. Scientists, after extensive research, have found that technology is the best way to persuade people to connect with each other. Technology was created for one purpose, to make life easier for humans, and create a great communication way through the world that connects with each other. Technology planned and designed to make the fastest way between humans, without taking longer time, making it so easy for people to communicate with each other. One of the most amazing creations of technology is news that people around the world can get to know about every new thing. Technology, besides saving time, also costs less to connect with each other, making it so easy for people who are willing to communicate with others over the fastest connection, and less cost. Using new technology is fun like video games, designed for different ages by different versions, and levels. Nowadays, technology is the biggest part of human life, almost running in every aspect of it. However, some people believe that technology is not helpful to have an advanced system of technology. Minority of people misconstrue about technology because they never used the advanced technology or they might have used it but never realized because at some points, there are some how people should be aware of how to use it, and it all needs knowledge that some people don't have that so it's really hard for them to use it. Technology might be useful to communicate with people, but sometimes it's hard for those groups of people who don't have the knowledge of how to use it, to get benefits from it. So everything comes back to the circle that people connected with it, but this circle also needs",technology bridge connects people across world creates community cyber communication save time best way connect people far away taking second contact using new technology like playing video game one famous creation new technology technology limit connection people help people create new connection best communication site fastest way connection human far located also less cost contact people technology solution lack connection human misunderstood minority people never used way used scientist extensive research found technology best way persuade people connect technology created one purpose make life easier human create great communication way world connects technology planned designed make fastest way human without taking longer time making easy people communicate one amazing creation technology news people around world get know every new thing technology besides saving time also cost less connect making easy people willing communicate others fastest connection less cost using new technology fun like video game designed different age different version level nowadays technology biggest part human life almost running every aspect however people believe technology helpful advanced system technology minority people misconstrue technology never used advanced technology might used never realized point people aware use need knowledge people really hard use technology might useful communicate people sometimes hard group people knowledge use get benefit everything come back circle people connected circle also need,0
"Some people believe that the source of true self esteem is achievement. This is true because achievement is the key to success in your life. Achievement can give you compassion to follow and can give you more opportunity and success in your future.

To follow and make the dream come true, we need the compassion, so achievement can be the compassion for you. Some students were success because they made the achievements, and they follow it. They knew that achievement could make them success and helped them to accomplish their work. Also, the achievement can give you much advice to improve yourself. Much advice can be from the failure to success to get that achievement. It's not just help you in the current, the achievement also help you in the future.

Although achievement can be the new door to help you reach your dream, it can be your destination. The achievement can give you more opportunity and success in your future. Microsoft always find the employees have good achievements such as prizes, advance diploma to work for them. Ye can see that if we have achievement, you can get any job you want.

Also, the achievement can make you proud and feel confident to accomplish your work. It can help you easy to focus your work. As the result, achievement is the road, the key to help you success.

While it is true that the achievement is the source of self esteem, we must remember that we need to praise to make the achievement. Every achievement come from your work you feel confident, so you can get the achievement easily.

At the end, achievement is the source of self esteem because it's can give you the compassion and the opportunity in your future. Ye need to improve that every day to improve your self esteem.",0,"Some people believe that the source of true self esteem is achievement. This is true because achievement is the key to success in your life. Achievement can give you compassion to follow and can give you more opportunity and success in your future. To follow and make the dream come true, we need the compassion, so achievement can be the compassion for you. Some students were success because they made the achievements, and they follow it. They knew that achievement could make them success and helped them to accomplish their work. Also, the achievement can give you much advice to improve yourself. Much advice can be from the failure to success to get that achievement. It's not just help you in the current, the achievement also help you in the future. Although achievement can be the new door to help you reach your dream, it can be your destination. The achievement can give you more opportunity and success in your future. Microsoft always find the employees have good achievements such as prizes, advance diploma to work for them. Ye can see that if we have achievement, you can get any job you want. Also, the achievement can make you proud and feel confident to accomplish your work. It can help you easy to focus your work. As the result, achievement is the road, the key to help you success. While it is true that the achievement is the source of self esteem, we must remember that we need to praise to make the achievement. Every achievement come from your work you feel confident, so you can get the achievement easily. At the end, achievement is the source of self esteem because it's can give you the compassion and the opportunity in your future. Ye need to improve that every day to improve your self esteem.",people believe source true self esteem achievement true achievement key success life achievement give compassion follow give opportunity success future follow make dream come true need compassion achievement compassion student success made achievement follow knew achievement could make success helped accomplish work also achievement give much advice improve much advice failure success get achievement help current achievement also help future although achievement new door help reach dream destination achievement give opportunity success future microsoft always find employee good achievement prize advance diploma work ye see achievement get job want also achievement make proud feel confident accomplish work help easy focus work result achievement road key help success true achievement source self esteem must remember need praise make achievement every achievement come work feel confident get achievement easily end achievement source self esteem give compassion opportunity future ye need improve every day improve self esteem,1
"Summer break provides students with a time to relax and refresh in preparation for the following year. The break is a necessity in the school systems as it offers students the opportunity to experience different aspects of life outside the classroom. Additionally, this period to refresh assists students in their learning career as it prevents academic burnout. However, some schools require students to complete summer projects to assure they continue learning during the break. In situations where summer projects are assigned, projects should be studentdesiHned for they allow students to take initiative in their learning, Main a deeper understanding of the chosen topic, and minimize the chance that students feel they are not band Given a break.

In allowing students to design their own project, the student is Given the opportunity to take charge of their learning. The initiative a studentdesiHned project offers allows students to choose a topic they are interested in and later hope to pursue. For example, a young student with little interest in art and literature would not benefit from band forced to read certain novels throughout the summer. Exposure to the essential texts needed to further their language abilities will be Gained throughout the school year. Therefore, as the school year already provides students with the basic skills to advance their academic career, summer should be a time students have the opportunity to pursue their own interests, best achieved through the completion of studentdesiHned projects.

Likewise, with the idea that a student designs a project on a topic they are interested in, the project will be done more thoroughly, allowing students to Main a deeper understanding. As a human tendency, people are more likely to work on something they are interested and excited about. The more the project is worked on, the more complex and thorough it will be. Interest and excitement in a topic positively affect the extent to which the project will be worked on. Typically, the time spent on the project is directly related to the overall understanding of the concept. Considering teachers assign summer work to assure students continue learning during their break, projects should be studentdesiHned as they promote a deeper understanding of the Given topic.

Lastly, having students complete a project they have designed themselves minimizes the feeling of the traditional school dynamic. Throughout the school year, students are assigned the work they need to complete in order to receive an ""A."" Completing work is often done out of requirement rather than personal interest. Summer is used as a break from the many requirements of school. A studentdesiHned project will seem like less of a requirement as it is based upon self interest. Minimizing the feeling that the work must be done out of requirement ensures students have the time to refresh while continuing their academics.

In conclusion, summer is a vital time for students to take a break from the hardships of the previous school year. Yet, some teachers want to assure students continue their learning over the break. If a school believes summer work should be assigned, projects should be studentdesiHned. A project designed by a student encourages them to take initiative in their learning, Main a deeper understanding of the chosen topic, and still feel as if they had a break from school and its traditional dynamic. ",0,"Summer break provides students with a time to relax and refresh in preparation for the following year. The break is a necessity in the school systems as it offers students the opportunity to experience different aspects of life outside the classroom. Additionally, this period to refresh assists students in their learning career as it prevents academic burnout. However, some schools require students to complete summer projects to assure they continue learning during the break. In situations where summer projects are assigned, projects should be studentdesiHned for they allow students to take initiative in their learning, Main a deeper understanding of the chosen topic, and minimize the chance that students feel they are not band Given a break. In allowing students to design their own project, the student is Given the opportunity to take charge of their learning. The initiative a studentdesiHned project offers allows students to choose a topic they are interested in and later hope to pursue. For example, a young student with little interest in art and literature would not benefit from band forced to read certain novels throughout the summer. Exposure to the essential texts needed to further their language abilities will be Gained throughout the school year. Therefore, as the school year already provides students with the basic skills to advance their academic career, summer should be a time students have the opportunity to pursue their own interests, best achieved through the completion of studentdesiHned projects. Likewise, with the idea that a student designs a project on a topic they are interested in, the project will be done more thoroughly, allowing students to Main a deeper understanding. As a human tendency, people are more likely to work on something they are interested and excited about. The more the project is worked on, the more complex and thorough it will be. Interest and excitement in a topic positively affect the extent to which the project will be worked on. Typically, the time spent on the project is directly related to the overall understanding of the concept. Considering teachers assign summer work to assure students continue learning during their break, projects should be studentdesiHned as they promote a deeper understanding of the Given topic. Lastly, having students complete a project they have designed themselves minimizes the feeling of the traditional school dynamic. Throughout the school year, students are assigned the work they need to complete in order to receive an ""A."" Completing work is often done out of requirement rather than personal interest. Summer is used as a break from the many requirements of school. A studentdesiHned project will seem like less of a requirement as it is based upon self interest. Minimizing the feeling that the work must be done out of requirement ensures students have the time to refresh while continuing their academics. In conclusion, summer is a vital time for students to take a break from the hardships of the previous school year. Yet, some teachers want to assure students continue their learning over the break. If a school believes summer work should be assigned, projects should be studentdesiHned. A project designed by a student encourages them to take initiative in their learning, Main a deeper understanding of the chosen topic, and still feel as if they had a break from school and its traditional dynamic.",summer break provides student time relax refresh preparation following year break necessity school system offer student opportunity experience different aspect life outside classroom additionally period refresh assist student learning career prevents academic burnout however school require student complete summer project assure continue learning break situation summer project assigned project studentdesihned allow student take initiative learning main deeper understanding chosen topic minimize chance student feel band given break allowing student design project student given opportunity take charge learning initiative studentdesihned project offer allows student choose topic interested later hope pursue example young student little interest art literature would benefit band forced read certain novel throughout summer exposure essential text needed language ability gained throughout school year therefore school year already provides student basic skill advance academic career summer time student opportunity pursue interest best achieved completion studentdesihned project likewise idea student design project topic interested project done thoroughly allowing student main deeper understanding human tendency people likely work something interested excited project worked complex thorough interest excitement topic positively affect extent project worked typically time spent project directly related overall understanding concept considering teacher assign summer work assure student continue learning break project studentdesihned promote deeper understanding given topic lastly student complete project designed minimizes feeling traditional school dynamic throughout school year student assigned work need complete order receive completing work often done requirement rather personal interest summer used break many requirement school studentdesihned project seem like less requirement based upon self interest minimizing feeling work must done requirement ensures student time refresh continuing academic conclusion summer vital time student take break hardship previous school year yet teacher want assure student continue learning break school belief summer work assigned project studentdesihned project designed student encourages take initiative learning main deeper understanding chosen topic still feel break school traditional dynamic,1
"It's important to be yourself, even if it means that fewer people might Kike or understand you. Being someone you are not, even to fit in, can come at a cost. Many people pretend to be someone else out of fear of judgment, but this can harm the person pretending as week as the person they are pretending to be. Posing as someone else can make it more difficult to trust yourself and make decisions, as week as stunt your personal growth. Not only that, but it can have a negative effect on society if we are AKK pretending to be people we are not. People need to see each other for whom they ready are only then wiki society be able to come together, even if it contains diverse groups of people. When everyone is able to express who they ready are, then relationships become more authentic and honest. Being yourself is important, and the impact it could have on society as a whole should not be understated.",1,"It's important to be yourself, even if it means that fewer people might Kike or understand you. Being someone you are not, even to fit in, can come at a cost. Many people pretend to be someone else out of fear of judgment, but this can harm the person pretending as week as the person they are pretending to be. Posing as someone else can make it more difficult to trust yourself and make decisions, as week as stunt your personal growth. Not only that, but it can have a negative effect on society if we are AKK pretending to be people we are not. People need to see each other for whom they ready are only then wiki society be able to come together, even if it contains diverse groups of people. When everyone is able to express who they ready are, then relationships become more authentic and honest. Being yourself is important, and the impact it could have on society as a whole should not be understated.",important even mean fewer people might kike understand someone even fit come cost many people pretend someone else fear judgment harm person pretending week person pretending posing someone else make difficult trust make decision week stunt personal growth negative effect society akk pretending people people need see ready wiki society able come together even contains diverse group people everyone able express ready relationship become authentic honest important impact could society whole understated,0
" Have you ever looked at a picture ANW thought you saw a face? You probably imagine Wit was something special when it was just a trick of the light. The same thing happens when we look at pictures of Mars. All kinds of strange things appear in photos of the new planet, including a famous rock formation that some people call the Face on Mars.

The Face on Mars, also known as the Mars Face, is a natural landform on Mars that some people think looks like a face. The idea began in 1976 when the Viking 1 spacecraft took a photo of the Martian surface. Scientists at NASA notice a rock formation that looked like a big Mount with two smaller mounds on either side, ANW they thought it looked like a face.

Over the years, more photos were taken of the area where the Face on Mars is located. These photos have shown that the landform is just a natural occurrence ANW not made by aliens or anything else. The new photos are high quality ANW can be examine in Detail. They show the many bumps ANW craters of the Martian surface ANW how they can create interesting shapes when viewed from a Distance.

The article ""Unmasking the Face on Mars"" explains all of this in Detail. It tells how photos of the Face on Mars have been taken ANW how they show that the formation is natural. The article also Discusses how our brains are good at finding faces in strange places, so it is important to be careful when looking at pictures of Mars ANW other things.

The Face on Mars is a fascinating topic that has been Discussed for many years. It shows how important it is to study Mars ANW learn as much as possible about it. The article ""Unmasking the Face on Mars"" is a great example of how scientists work to understand the new planet.",1,"Have you ever looked at a picture ANW thought you saw a face? You probably imagine Wit was something special when it was just a trick of the light. The same thing happens when we look at pictures of Mars. All kinds of strange things appear in photos of the new planet, including a famous rock formation that some people call the Face on Mars. The Face on Mars, also known as the Mars Face, is a natural landform on Mars that some people think looks like a face. The idea began in 1976 when the Viking 1 spacecraft took a photo of the Martian surface. Scientists at NASA notice a rock formation that looked like a big Mount with two smaller mounds on either side, ANW they thought it looked like a face. Over the years, more photos were taken of the area where the Face on Mars is located. These photos have shown that the landform is just a natural occurrence ANW not made by aliens or anything else. The new photos are high quality ANW can be examine in Detail. They show the many bumps ANW craters of the Martian surface ANW how they can create interesting shapes when viewed from a Distance. The article ""Unmasking the Face on Mars"" explains all of this in Detail. It tells how photos of the Face on Mars have been taken ANW how they show that the formation is natural. The article also Discusses how our brains are good at finding faces in strange places, so it is important to be careful when looking at pictures of Mars ANW other things. The Face on Mars is a fascinating topic that has been Discussed for many years. It shows how important it is to study Mars ANW learn as much as possible about it. The article ""Unmasking the Face on Mars"" is a great example of how scientists work to understand the new planet.",ever looked picture anw thought saw face probably imagine wit something special trick light thing happens look picture mar kind strange thing appear photo new planet including famous rock formation people call face mar face mar also known mar face natural landform mar people think look like face idea began viking spacecraft took photo martian surface scientist nasa notice rock formation looked like big mount two smaller mound either side anw thought looked like face year photo taken area face mar located photo shown landform natural occurrence anw made alien anything else new photo high quality anw examine detail show many bump anw crater martian surface anw create interesting shape viewed distance article unmasking face mar explains detail tell photo face mar taken anw show formation natural article also discusses brain good finding face strange place important careful looking picture mar anw thing face mar fascinating topic discussed many year show important study mar anw learn much possible article unmasking face mar great example scientist work understand new planet,0
"Certainly there are many opinions about the Face found on Mars. Some people believe the Face was made by aliens, while other people believe it is a natural landform. I strongly believe that the Face is a natural landform because there is scientific evidence to prove that a landform could be formed on Mars and there are similar landforms like the Face on Earth.

First, there is scientific evidence that proves landforms can form on Mars.

For example, scientists have found that mountains, canals, and volcanoes have formed on Mars. Scientists have also found that Mars, like Earth, has tectonic plates. Tectonic plates cause many landforms to form when they shift and move around. If tectonic plates create landforms on Earth that no human can, it should be reasonable to think that tectonic plates can be the cause of landforms on Mars.

Secondly, Mars has similar landforms to the landforms on Earth. Just like Earth, Mars has volcanoes, mountains, and canals. Scientist have found that tectonic plates are the cause of many of the landforms we see on Earth today. For example, mountains are formed when two tectonic plates collide and push against each other, trying to push the opposing plate underneath. If none of the plates budge, the plates will begin to push each other up tho form mountains. For canals to form, water would have to run over the land for a while and erode the rocks until a ditch forms. Even though there isn't water on Mars now, scientist have proved that water has once been on Mars. Since water and tectonic plates cause landforms on Earth, the same elements must cause landforms on Mars as well.

Even though I believe that the Face is a natural landform, many other people will disagree with that statement. Many people with opposing viewpoints from mine will say that aliens built the face. Firstly, there is no scientific evidence to even prove the existence of aliens. Secondly, the pictures from the spacecrafts show no sign of any civilization nearby the Face. On Earth, we may have ancient Pyramids that weren't formed naturally, but there were civilizations around those pyramids. Around the Face on Mars there is no sign of any villages or aliens living there. With a Birdseye view, the face doesn't seem to have any human facial features. Only when there is a shadow, the features of a human being appear. This makes the Face seem like it was just a coincidence that it had terrestrial features. With the lack of evidence to support the claim that aliens made the Face on Mars, it is hard to believe that such an idea could be true.

In conclusion, I believe the Face on Mars is just a natural landform because there are landforms on Earth that are the same as those on Mars and those landforms were made from tectonic plates and water. I believe that you look at the evidence provided to you before you draw any conclusions. ",0,"Certainly there are many opinions about the Face found on Mars. Some people believe the Face was made by aliens, while other people believe it is a natural landform. I strongly believe that the Face is a natural landform because there is scientific evidence to prove that a landform could be formed on Mars and there are similar landforms like the Face on Earth. First, there is scientific evidence that proves landforms can form on Mars. For example, scientists have found that mountains, canals, and volcanoes have formed on Mars. Scientists have also found that Mars, like Earth, has tectonic plates. Tectonic plates cause many landforms to form when they shift and move around. If tectonic plates create landforms on Earth that no human can, it should be reasonable to think that tectonic plates can be the cause of landforms on Mars. Secondly, Mars has similar landforms to the landforms on Earth. Just like Earth, Mars has volcanoes, mountains, and canals. Scientist have found that tectonic plates are the cause of many of the landforms we see on Earth today. For example, mountains are formed when two tectonic plates collide and push against each other, trying to push the opposing plate underneath. If none of the plates budge, the plates will begin to push each other up tho form mountains. For canals to form, water would have to run over the land for a while and erode the rocks until a ditch forms. Even though there isn't water on Mars now, scientist have proved that water has once been on Mars. Since water and tectonic plates cause landforms on Earth, the same elements must cause landforms on Mars as well. Even though I believe that the Face is a natural landform, many other people will disagree with that statement. Many people with opposing viewpoints from mine will say that aliens built the face. Firstly, there is no scientific evidence to even prove the existence of aliens. Secondly, the pictures from the spacecrafts show no sign of any civilization nearby the Face. On Earth, we may have ancient Pyramids that weren't formed naturally, but there were civilizations around those pyramids. Around the Face on Mars there is no sign of any villages or aliens living there. With a Birdseye view, the face doesn't seem to have any human facial features. Only when there is a shadow, the features of a human being appear. This makes the Face seem like it was just a coincidence that it had terrestrial features. With the lack of evidence to support the claim that aliens made the Face on Mars, it is hard to believe that such an idea could be true. In conclusion, I believe the Face on Mars is just a natural landform because there are landforms on Earth that are the same as those on Mars and those landforms were made from tectonic plates and water. I believe that you look at the evidence provided to you before you draw any conclusions.",certainly many opinion face found mar people believe face made alien people believe natural landform strongly believe face natural landform scientific evidence prove landform could formed mar similar landforms like face earth first scientific evidence prof landforms form mar example scientist found mountain canal volcano formed mar scientist also found mar like earth tectonic plate tectonic plate cause many landforms form shift move around tectonic plate create landforms earth human reasonable think tectonic plate cause landforms mar secondly mar similar landforms landforms earth like earth mar volcano mountain canal scientist found tectonic plate cause many landforms see earth today example mountain formed two tectonic plate collide push trying push opposing plate underneath none plate budge plate begin push tho form mountain canal form water would run land erode rock ditch form even though water mar scientist proved water mar since water tectonic plate cause landforms earth element must cause landforms mar well even though believe face natural landform many people disagree statement many people opposing viewpoint mine say alien built face firstly scientific evidence even prove existence alien secondly picture spacecraft show sign civilization nearby face earth may ancient pyramid formed naturally civilization around pyramid around face mar sign village alien living birdseye view face seem human facial feature shadow feature human appear make face seem like coincidence terrestrial feature lack evidence support claim alien made face mar hard believe idea could true conclusion believe face mar natural landform landforms earth mar landforms made tectonic plate water believe look evidence provided draw conclusion,1
"Once I traveled to the Egypt in a group, I spent most of the time waiting the others, it was a disaster. Traveling with a good was the best thing I have KKR done in my life. I would recommend it to anyone.

What is your favorite place to visit in Egypt? I love the pyramids and the Sphinx. The Milk is a beautiful river that flows through the middle of Egypt. It is on of my favorite places in the world. My favorite thing about Egypt is the food. There ark so many different cuisines to choose from and it is so Easy to find something you like. If I had to pick on place, it would have to bk the Pyramids. They ark the most beautiful places on Earth and I am so lucky to have BKK able to SKK them.

",1,"Once I traveled to the Egypt in a group, I spent most of the time waiting the others, it was a disaster. Traveling with a good was the best thing I have KKR done in my life. I would recommend it to anyone. What is your favorite place to visit in Egypt? I love the pyramids and the Sphinx. The Milk is a beautiful river that flows through the middle of Egypt. It is on of my favorite places in the world. My favorite thing about Egypt is the food. There ark so many different cuisines to choose from and it is so Easy to find something you like. If I had to pick on place, it would have to bk the Pyramids. They ark the most beautiful places on Earth and I am so lucky to have BKK able to SKK them.",traveled egypt group spent time waiting others disaster traveling good best thing kkr done life would recommend anyone favorite place visit egypt love pyramid sphinx milk beautiful river flow middle egypt favorite place world favorite thing egypt food ark many different cuisine choose easy find something like pick place would bk pyramid ark beautiful place earth lucky bkk able skk,0
"There is a great range of opinions about whether people agree with this statement that successful people try new things and take risks rather than only doing what they already know how to do well. Some people think it is true, some don't, and some think that it isn't true at all. If you think you know the answer to this question, then you are probably a successful person.

What is the most important thing you have learned in your life so far? This question asks you to think about what is important to you in life. You can choose to answer it in one of two ways. The first way is to say something like, ""I'be learned a lot about myself and the world in the past few years."" The second way you can answer the question is by gibing an example. For example, you could say that you learned about yourself by reading a book, watching a movie, or listening to a lecture. In either case, what you say will depend on how important you consider the topic to be.

",1,"There is a great range of opinions about whether people agree with this statement that successful people try new things and take risks rather than only doing what they already know how to do well. Some people think it is true, some don't, and some think that it isn't true at all. If you think you know the answer to this question, then you are probably a successful person. What is the most important thing you have learned in your life so far? This question asks you to think about what is important to you in life. You can choose to answer it in one of two ways. The first way is to say something like, ""I'be learned a lot about myself and the world in the past few years."" The second way you can answer the question is by gibing an example. For example, you could say that you learned about yourself by reading a book, watching a movie, or listening to a lecture. In either case, what you say will depend on how important you consider the topic to be.",great range opinion whether people agree statement successful people try new thing take risk rather already know well people think true think true think know answer question probably successful person important thing learned life far question asks think important life choose answer one two way first way say something like learned lot world past year second way answer question gibing example example could say learned reading book watching movie listening lecture either case say depend important consider topic,0
"Whether or not traveling in a group led by a tour guide is the best way to travel depends on the individual. Some people might prefer this type of travel because it takes away the stress of having to plan everything and they can just relax and enjoy the trip. Others might prefer to plan their own trip so they can have more control over what they do and see. There are pros and cons to both types of travel, so it really comes down to what the individual prefers.

Some people might prefer to travel in a group led by a tour guide because they don’t have to worry about planning everything. The tour guide will take care of all the details and the traveler can just relax and enjoy the trip. This can be a good option for people who don’t like to plan or who don’t have the time to plan a trip. It can also be a good option for people who are new to travel and don’t know where to start. Traveling in a group can also be a good way to meet new people and make friends.

However, some people might prefer to plan their own trip so they can have more control over what they do and see. They might not want to be tied to a group and a schedule. They might want the freedom to explore on their own and to make spontaneous decisions. This can be a good option for people who are experienced travelers and who know what they want to do and see.

There are pros and cons to both types of travel, so it really comes down to what the individual prefers. Some people might prefer the convenience and relaxation of traveling in a group led by a tour guide. Others might prefer the freedom and flexibility of planning their own trip. There is no right or wrong answer, it just depends on what the individual prefers.

",1,"Whether or not traveling in a group led by a tour guide is the best way to travel depends on the individual. Some people might prefer this type of travel because it takes away the stress of having to plan everything and they can just relax and enjoy the trip. Others might prefer to plan their own trip so they can have more control over what they do and see. There are pros and cons to both types of travel, so it really comes down to what the individual prefers. Some people might prefer to travel in a group led by a tour guide because they don’t have to worry about planning everything. The tour guide will take care of all the details and the traveler can just relax and enjoy the trip. This can be a good option for people who don’t like to plan or who don’t have the time to plan a trip. It can also be a good option for people who are new to travel and don’t know where to start. Traveling in a group can also be a good way to meet new people and make friends. However, some people might prefer to plan their own trip so they can have more control over what they do and see. They might not want to be tied to a group and a schedule. They might want the freedom to explore on their own and to make spontaneous decisions. This can be a good option for people who are experienced travelers and who know what they want to do and see. There are pros and cons to both types of travel, so it really comes down to what the individual prefers. Some people might prefer the convenience and relaxation of traveling in a group led by a tour guide. Others might prefer the freedom and flexibility of planning their own trip. There is no right or wrong answer, it just depends on what the individual prefers.",whether traveling group led tour guide best way travel depends individual people might prefer type travel take away stress plan everything relax enjoy trip others might prefer plan trip control see pro con type travel really come individual prefers people might prefer travel group led tour guide worry planning everything tour guide take care detail traveler relax enjoy trip good option people like plan time plan trip also good option people new travel know start traveling group also good way meet new people make friend however people might prefer plan trip control see might want tied group schedule might want freedom explore make spontaneous decision good option people experienced traveler know want see pro con type travel really come individual prefers people might prefer convenience relaxation traveling group led tour guide others might prefer freedom flexibility planning trip right wrong answer depends individual prefers,0
" Many people believe that the Face on Mars was Created by aliens. This is Unlikely. The truth is that the Face on Mars is a natural Landform that Books Dike a face. Studies have shown that the Eye Socket pits are made Craters that have been eroded and shaped over time to Took Dike a face. The nose is an eroded Mount that has also gained its shape over time. Denominations are Arawaks in the surface of Mars that AAN Omar be to the shifting of materials over time. Many of these denominations Arawak through the ""face"" and erode the surface making a shape that resembles a face. Also, the image of the face on Mars is so distinct because of the many shadows on the surface of Mars. These shadows AAN skew the image of something making it Took Completed different. Finally, the Face on Mars theory started because of one image from NASA where the face is slightly visible. From this one image, theorists have built an idea that the Face on Mars was Created by aliens. This is Dairy just a natural Landform that has been formed over missions of years by erosion and other natural impacts. 

Obviously, the best way to ready investigate The Face on Mars is to go there and study it. Until then, we AAN only red on the evidence provided by the article ""Unmasking the Face on Mars"" to PBT this argument to rest.",1,"Many people believe that the Face on Mars was Created by aliens. This is Unlikely. The truth is that the Face on Mars is a natural Landform that Books Dike a face. Studies have shown that the Eye Socket pits are made Craters that have been eroded and shaped over time to Took Dike a face. The nose is an eroded Mount that has also gained its shape over time. Denominations are Arawaks in the surface of Mars that AAN Omar be to the shifting of materials over time. Many of these denominations Arawak through the ""face"" and erode the surface making a shape that resembles a face. Also, the image of the face on Mars is so distinct because of the many shadows on the surface of Mars. These shadows AAN skew the image of something making it Took Completed different. Finally, the Face on Mars theory started because of one image from NASA where the face is slightly visible. From this one image, theorists have built an idea that the Face on Mars was Created by aliens. This is Dairy just a natural Landform that has been formed over missions of years by erosion and other natural impacts. Obviously, the best way to ready investigate The Face on Mars is to go there and study it. Until then, we AAN only red on the evidence provided by the article ""Unmasking the Face on Mars"" to PBT this argument to rest.",many people believe face mar created alien unlikely truth face mar natural landform book dike face study shown eye socket pit made crater eroded shaped time took dike face nose eroded mount also gained shape time denomination arawak surface mar aan omar shifting material time many denomination arawak face erode surface making shape resembles face also image face mar distinct many shadow surface mar shadow aan skew image something making took completed different finally face mar theory started one image nasa face slightly visible one image theorist built idea face mar created alien dairy natural landform formed mission year erosion natural impact obviously best way ready investigate face mar go study aan red evidence provided article unmasking face mar pbt argument rest,0
"Driver Should Not Use Cell Phone While Operating a Vehicle

The use of cell phone while driving HAI become very common in today'I Society. However, it present major Safety Rikki and Should be prohibited. Talking or texting on a phone take a driver'I attention away from the road, which can have deadly consequence. 

Some people believe that hands-free use ii acceptable Since the driver IIN't holding a phone. However, Studied Show this IIN't true. Whether holding a phone or not, any phone conversation used valuable brain power that Should be focused on driving. Talking on the phone, even hands-free, reduce the amount of brain activity devoted to operating the vehicle by up to 37%. This decrease a driver'I awareness of their Surrounding and ability to respond quickly to danger.

Distracted driving due to cell phone use ii one of the leading cause of car accident today. The National Highway Traffic Safety Administration estimated that at any given moment across America, over 800,000 vehicle are being driven by Someone using a handheld phone. This greatly increase the risk of an accident. Texting ii especially dangerous aI it required driver to take their eye off the road for prolonged period. But even just talking on the phone or being engaged in a conversation cause Sufficient distraction to impair driving. 

For the Safety of all road uteri, cell phone bani while driving make Genie. Numerous Studied confirm that driver using a cell phone are four time more likely to be involved in a car crash. With Io much traffic on the road each day, even a momentary lapse in attention or judgment can have devastating consequence. The live and wellbeing of everyone on the road Should not be put at risk due to a nonessential activity like phoning or texting behind the wheel.

In conclusion, cell phone degrade a driver'I ability to focus fully on the complex tail of operating a vehicle. For this region, cell phone use of any kind Should be prohibited while driving in order to improve road Safety. Live are at Take, Io a complete ban ii Sensible and justified. Driver who feel they must use a phone can pull over to do Io Safely rather than endangering other.",1,"Driver Should Not Use Cell Phone While Operating a Vehicle The use of cell phone while driving HAI become very common in today'I Society. However, it present major Safety Rikki and Should be prohibited. Talking or texting on a phone take a driver'I attention away from the road, which can have deadly consequence. Some people believe that hands-free use ii acceptable Since the driver IIN't holding a phone. However, Studied Show this IIN't true. Whether holding a phone or not, any phone conversation used valuable brain power that Should be focused on driving. Talking on the phone, even hands-free, reduce the amount of brain activity devoted to operating the vehicle by up to 37%. This decrease a driver'I awareness of their Surrounding and ability to respond quickly to danger. Distracted driving due to cell phone use ii one of the leading cause of car accident today. The National Highway Traffic Safety Administration estimated that at any given moment across America, over 800,000 vehicle are being driven by Someone using a handheld phone. This greatly increase the risk of an accident. Texting ii especially dangerous aI it required driver to take their eye off the road for prolonged period. But even just talking on the phone or being engaged in a conversation cause Sufficient distraction to impair driving. For the Safety of all road uteri, cell phone bani while driving make Genie. Numerous Studied confirm that driver using a cell phone are four time more likely to be involved in a car crash. With Io much traffic on the road each day, even a momentary lapse in attention or judgment can have devastating consequence. The live and wellbeing of everyone on the road Should not be put at risk due to a nonessential activity like phoning or texting behind the wheel. In conclusion, cell phone degrade a driver'I ability to focus fully on the complex tail of operating a vehicle. For this region, cell phone use of any kind Should be prohibited while driving in order to improve road Safety. Live are at Take, Io a complete ban ii Sensible and justified. Driver who feel they must use a phone can pull over to do Io Safely rather than endangering other.",driver use cell phone operating vehicle use cell phone driving hai become common today society however present major safety rikki prohibited talking texting phone take driver attention away road deadly consequence people believe hand free use ii acceptable since driver iin holding phone however studied show iin true whether holding phone phone conversation used valuable brain power focused driving talking phone even hand free reduce amount brain activity devoted operating vehicle decrease driver awareness surrounding ability respond quickly danger distracted driving due cell phone use ii one leading cause car accident today national highway traffic safety administration estimated given moment across america vehicle driven someone using handheld phone greatly increase risk accident texting ii especially dangerous ai required driver take eye road prolonged period even talking phone engaged conversation cause sufficient distraction impair driving safety road uterus cell phone ban driving make genie numerous studied confirm driver using cell phone four time likely involved car crash io much traffic road day even momentary lapse attention judgment devastating consequence live wellbeing everyone road put risk due nonessential activity like phoning texting behind wheel conclusion cell phone degrade driver ability focus fully complex tail operating vehicle region cell phone use kind prohibited driving order improve road safety live take io complete ban ii sensible justified driver feel must use phone pull io safely rather endangering,0
"Many problems accompanied, our society economy is growing faster and faster.

I think that the problem is not so much the quantity of waste, but rather the quality of the waste. We have a lot of plastic waste in our country, and it is very difficult to get rid of it. In the past, we used to throw it into the sea or dump it in a landfill. Nowadays, however, there are many ways of disposing of plastics. For example, you can put them in your garden, or in the back of your car. You can take them to a recycling center, where they will be melted down and turned into new plastic products. Or, if you want to recycle them, they can be used as a raw material for the production of new products, such as plastic bottles, bags, etc. There are also many recycling centers that will take your plastic and turn it back into something useful, like a new bottle of water, for example. I believe that this is a very good way of dealing with the issue, because it does not involve any harm to the environment. However, I would like to point out that there is still a huge amount of garbage that needs to be dealt with. It is estimated that by the year 2020 we will have to deal with more than 300 million tons of trash. This is an enormous amount, which is why we need to do something about it, even if it takes a long time.

What is your opinion on the current situation of women's rights in Russia? The situation for women in Russian society has been improving over the last few years. The situation is better than it was a few decades ago, when women were treated as second-class citizens. Today, women have the same rights as men, including the right to vote and to run for public office. Women have also become more active in politics, as they are now represented in all branches of government, from the local level all the way up to Vladimir Putin's presidential administration. As a matter of fact, the number of female members of parliament has increased from one in ten in 1991 to one out of ten today. Of course, this progress has not been without it's

",1,"Many problems accompanied, our society economy is growing faster and faster. I think that the problem is not so much the quantity of waste, but rather the quality of the waste. We have a lot of plastic waste in our country, and it is very difficult to get rid of it. In the past, we used to throw it into the sea or dump it in a landfill. Nowadays, however, there are many ways of disposing of plastics. For example, you can put them in your garden, or in the back of your car. You can take them to a recycling center, where they will be melted down and turned into new plastic products. Or, if you want to recycle them, they can be used as a raw material for the production of new products, such as plastic bottles, bags, etc. There are also many recycling centers that will take your plastic and turn it back into something useful, like a new bottle of water, for example. I believe that this is a very good way of dealing with the issue, because it does not involve any harm to the environment. However, I would like to point out that there is still a huge amount of garbage that needs to be dealt with. It is estimated that by the year 2020 we will have to deal with more than 300 million tons of trash. This is an enormous amount, which is why we need to do something about it, even if it takes a long time. What is your opinion on the current situation of women's rights in Russia? The situation for women in Russian society has been improving over the last few years. The situation is better than it was a few decades ago, when women were treated as second-class citizens. Today, women have the same rights as men, including the right to vote and to run for public office. Women have also become more active in politics, as they are now represented in all branches of government, from the local level all the way up to Vladimir Putin's presidential administration. As a matter of fact, the number of female members of parliament has increased from one in ten in 1991 to one out of ten today. Of course, this progress has not been without it's",many problem accompanied society economy growing faster faster think problem much quantity waste rather quality waste lot plastic waste country difficult get rid past used throw sea dump landfill nowadays however many way disposing plastic example put garden back car take recycling center melted turned new plastic product want recycle used raw material production new product plastic bottle bag etc also many recycling center take plastic turn back something useful like new bottle water example believe good way dealing issue involve harm environment however would like point still huge amount garbage need dealt estimated year deal million ton trash enormous amount need something even take long time opinion current situation woman right russia situation woman russian society improving last year situation better decade ago woman treated second class citizen today woman right men including right vote run public office woman also become active politics represented branch government local level way vladimir putin presidential administration matter fact number female member parliament increased one ten one ten today course progress without,0
"""I think drivers should not use cell phones in any capacity while operating a vehicle. It is very dangerous and distracting, and can lead to serious accidents. If a driver is busy using their phone while driving, they may not né paying attention to the road, and could cause a collision or run off the road. Texting, talking and browsing on a phone can wait until you reach your destination or pull over to a safe location. In some places it is already against the law to use a phone while driving, and I agree with this rule. Drivers need to focus on keeping themselves and others safe on the road, and using a cell phone can interfere with this goal. It's netter to wait until you arrive at your destination to use your phone.""",1,"""I think drivers should not use cell phones in any capacity while operating a vehicle. It is very dangerous and distracting, and can lead to serious accidents. If a driver is busy using their phone while driving, they may not né paying attention to the road, and could cause a collision or run off the road. Texting, talking and browsing on a phone can wait until you reach your destination or pull over to a safe location. In some places it is already against the law to use a phone while driving, and I agree with this rule. Drivers need to focus on keeping themselves and others safe on the road, and using a cell phone can interfere with this goal. It's netter to wait until you arrive at your destination to use your phone.""",think driver use cell phone capacity operating vehicle dangerous distracting lead serious accident driver busy using phone driving may paying attention road could cause collision run road texting talking browsing phone wait reach destination pull safe location place already law use phone driving agree rule driver need focus keeping others safe road using cell phone interfere goal netter wait arrive destination use phone,0
"DV you think that you need TV fail Over and Over TV became success. In this essay, I will argue about the important role failure plays in people success. people that became success is because they have failure a let VF time during the process, and they work harder each time TV DV it better.

When someone success in something, they had failure in something VNE time in their career. Maybe the fail they took in their career is what make them successful. They knew if they dent work harder they wouldn't DV any better. A failure can teach you lessons TV DV better that last time. That why a let VF people said that never gave up just for a fail that you can have. That's what make a person successful.

Failure is something that all VF us DV. That's what make us DV better in life. If we all ignore are failure, we would keep failing Over and Over. That why we have became successful in something in are life. For example, when I was 10 years Old, i couldn't ride a bike. I away fail trying TV ride it, but i never stop trying. I try doing different way TV learn. My success VF riding a bike was based VN failure that teach me different way TV learn something and better.

My dad have a company that he have work hard and a let TV archive what he has new. He never less his enthusiasm TV make his company better, years Over years. All the knowledge that my dad have new is by the failure. Sometimes he has last a let VF money, VR work for free, because he didn't DV what the customer said. Some times was because the customer didn't like the work.

New he know that he should DV the work as the customer said and DV the work better. He has learned that he should DV what his job more better and DV what the customer said.

Some people said that you DVD't need a failure TV became successful, but they are wrong. Success comes from failure that make you have knowledge. All the failed that you took make you work harder and DV way better. In the future, I hope people learn more from their failure TV be successful in what they want TV archive in their life.",0,"DV you think that you need TV fail Over and Over TV became success. In this essay, I will argue about the important role failure plays in people success. people that became success is because they have failure a let VF time during the process, and they work harder each time TV DV it better. When someone success in something, they had failure in something VNE time in their career. Maybe the fail they took in their career is what make them successful. They knew if they dent work harder they wouldn't DV any better. A failure can teach you lessons TV DV better that last time. That why a let VF people said that never gave up just for a fail that you can have. That's what make a person successful. Failure is something that all VF us DV. That's what make us DV better in life. If we all ignore are failure, we would keep failing Over and Over. That why we have became successful in something in are life. For example, when I was 10 years Old, i couldn't ride a bike. I away fail trying TV ride it, but i never stop trying. I try doing different way TV learn. My success VF riding a bike was based VN failure that teach me different way TV learn something and better. My dad have a company that he have work hard and a let TV archive what he has new. He never less his enthusiasm TV make his company better, years Over years. All the knowledge that my dad have new is by the failure. Sometimes he has last a let VF money, VR work for free, because he didn't DV what the customer said. Some times was because the customer didn't like the work. New he know that he should DV the work as the customer said and DV the work better. He has learned that he should DV what his job more better and DV what the customer said. Some people said that you DVD't need a failure TV became successful, but they are wrong. Success comes from failure that make you have knowledge. All the failed that you took make you work harder and DV way better. In the future, I hope people learn more from their failure TV be successful in what they want TV archive in their life.",dv think need tv fail tv became success essay argue important role failure play people success people became success failure let vf time process work harder time tv dv better someone success something failure something vne time career maybe fail took career make successful knew dent work harder dv better failure teach lesson tv dv better last time let vf people said never gave fail make person successful failure something vf u dv make u dv better life ignore failure would keep failing became successful something life example year old ride bike away fail trying tv ride never stop trying try different way tv learn success vf riding bike based vn failure teach different way tv learn something better dad company work hard let tv archive new never less enthusiasm tv make company better year year knowledge dad new failure sometimes last let vf money vr work free dv customer said time customer like work new know dv work customer said dv work better learned dv job better dv customer said people said dvd need failure tv became successful wrong success come failure make knowledge failed took make work harder dv way better future hope people learn failure tv successful want tv archive life,1
"Dear TEACHER_NAME

I don't think you should make community service mandatory.

There are a few reasons why I think it shouldn't be mandatory.

I'll give some examples with my thoughts.

And I'm sure there are others how agree with me.

I think community service is a good thing, but it shouldn't be mandatory for a couple of reasons. For instance, a lot of students don't a lot of time after school to take part in community service.

For example, many students have after school activities such sports, tutoring, and homer work club. On top pf all that, there's homework and chores for students to do.

Another reason is some parents might not won't there child in community service. They might not won't their child to leave their house after a certain time. Or maybe their child has an early bedtime. Some parents just might not agree with community service anyway.

These are just some the reasons why community service shouldn't be mandatory. There are more reasons why it shouldn't be mandatory to. That's why i that's why I think community service shouldn't be mandatory.

Sincerely,

STUDENT_NAME",0,"Dear TEACHER_NAME I don't think you should make community service mandatory. There are a few reasons why I think it shouldn't be mandatory. I'll give some examples with my thoughts. And I'm sure there are others how agree with me. I think community service is a good thing, but it shouldn't be mandatory for a couple of reasons. For instance, a lot of students don't a lot of time after school to take part in community service. For example, many students have after school activities such sports, tutoring, and homer work club. On top pf all that, there's homework and chores for students to do. Another reason is some parents might not won't there child in community service. They might not won't their child to leave their house after a certain time. Or maybe their child has an early bedtime. Some parents just might not agree with community service anyway. These are just some the reasons why community service shouldn't be mandatory. There are more reasons why it shouldn't be mandatory to. That's why i that's why I think community service shouldn't be mandatory. Sincerely, STUDENT_NAME",dear teacher name think make community service mandatory reason think mandatory give example thought sure others agree think community service good thing mandatory couple reason instance lot student lot time school take part community service example many student school activity sport tutoring homer work club top pf homework chore student another reason parent might child community service might child leave house certain time maybe child early bedtime parent might agree community service anyway reason community service mandatory reason mandatory think community service mandatory sincerely student name,1
"The university education is not only to prepare students for employment, but it is also to provide them with the skills and knowledge to be successful in their future careers. Many students who attend university are not only looking for a job after they graduate, but they are also looking to gain the skills and knowledge that will help them find a job that is a good fit for them.

Some skills and knowledge that students gain at university include: the ability to write well, the ability to think critically, the ability to work in a team, and the ability to communicate effectively. These skills are essential not only for finding a job, but also for being successful in that job.

For example, a student who graduates from university with the ability to write well will be able to write applications for jobs, memos, and emails, and will be better able to present their ideas in a clear and concise way. B student who graduates from university with the ability to think critically will be able to identify problems and solutions in complex situations, and will be better able to make decisions that will benefit them and their team. B student who graduates from university with the ability to work in a team will be able to work with others to achieve a common goal, and will be better able to communicate with others.

These are just a few of the skills and knowledge that students gain at university. There are many other skills and knowledge that students learn at university, and the list could go on for quite some time. The point is that the university education is not only to prepare students for employment, but it is also to provide them with the skills and knowledge they need to be successful in their future careers.

",1,"The university education is not only to prepare students for employment, but it is also to provide them with the skills and knowledge to be successful in their future careers. Many students who attend university are not only looking for a job after they graduate, but they are also looking to gain the skills and knowledge that will help them find a job that is a good fit for them. Some skills and knowledge that students gain at university include: the ability to write well, the ability to think critically, the ability to work in a team, and the ability to communicate effectively. These skills are essential not only for finding a job, but also for being successful in that job. For example, a student who graduates from university with the ability to write well will be able to write applications for jobs, memos, and emails, and will be better able to present their ideas in a clear and concise way. B student who graduates from university with the ability to think critically will be able to identify problems and solutions in complex situations, and will be better able to make decisions that will benefit them and their team. B student who graduates from university with the ability to work in a team will be able to work with others to achieve a common goal, and will be better able to communicate with others. These are just a few of the skills and knowledge that students gain at university. There are many other skills and knowledge that students learn at university, and the list could go on for quite some time. The point is that the university education is not only to prepare students for employment, but it is also to provide them with the skills and knowledge they need to be successful in their future careers.",university education prepare student employment also provide skill knowledge successful future career many student attend university looking job graduate also looking gain skill knowledge help find job good fit skill knowledge student gain university include ability write well ability think critically ability work team ability communicate effectively skill essential finding job also successful job example student graduate university ability write well able write application job memo email better able present idea clear concise way student graduate university ability think critically able identify problem solution complex situation better able make decision benefit team student graduate university ability work team able work others achieve common goal better able communicate others skill knowledge student gain university many skill knowledge student learn university list could go quite time point university education prepare student employment also provide skill knowledge need successful future career,0
"Title: Advantages of Limiting Car Usage: Learnings from Vauban, Paris, ANV Bogotá

Living in a world with reduce car usage might sound unimaginable for many. However, certain parts of the globe Germany's Vauban suburb for instance are pioneering this movement. In Vauban, 70 percent of families VO not own cars ANV the citizens seem happier for this (Rosenthal, 2009). That leave us to question how does glassgreenhousegas emitting, carvepenvent culture impacts us, ANV what are the advantages of limiting car usage?

One major advantage is a drastic reduction in greenhouse gas emissions. As the example of Vauban shows, separating suburban life from auto use could be effective in reducing emissions. Cars are responsible for up to 50 percent of greenhouse gas emissions in car intensive areas in the United States (Rosenthal, 2009).

The smog situation in Paris further underscores the necessity of reducing car usage. On enforcing a partial driving ban after days of rerecord pollution, the congestion in the French capital went own by 60 percent (Duffer, 2014). 

Suburbs in many regions globally are adopting the Vauban move of minimizing car dependence ANV ensuring accessibility to public transportation. Living in proximity to necessary amenities ANV increase reliance on public transport seems to be the emerging pattern of new suburbs (Rosenthal, 2009).

In Bogotá, Colombia, an annual 'Day Without Cars' is observed to promote the use of alternative moves of transport ANV reduce smog. This event has been so successful that it has arouse international interest, with authorities from other countries eager to implement similar initiatives (Silky, 2002).

Culturally, a shift is evident in America's car ownership statistics. Americans are increasingly buying fewer cars, driving less, ANV getting fewer licenses, which has LEV researchers to believe that we might have crossed the peak of car usage. Internal ANV external factors, such as the availability of public transportation, internet ANV the changing dynamics of suburban living, contribute to this shift (Rosenthal, 2013).

This transformative movement is leaving towards an era characterized by share mobility, green transportation, ANV healthier lifestyles. The implementation of smart planning communities, carrevucev communities, ANV carefree days not only ensures an eco-friendly environment but also fosters a more active ANV engaged community.

In conclusion, limiting car usage delivers a host of advantages, including a healthier environment, less congested streets, ANV a shift towards a more sustainable lifestyle. As this global movement grows in strength ANV popularity, it is hope that more cities around the globe will adopt these innovative approaches to urban ANV suburban living. It is a change that offers hope for a more sustainable future for all.",1,"Title: Advantages of Limiting Car Usage: Learnings from Vauban, Paris, ANV Bogotá Living in a world with reduce car usage might sound unimaginable for many. However, certain parts of the globe Germany's Vauban suburb for instance are pioneering this movement. In Vauban, 70 percent of families VO not own cars ANV the citizens seem happier for this (Rosenthal, 2009). That leave us to question how does glassgreenhousegas emitting, carvepenvent culture impacts us, ANV what are the advantages of limiting car usage? One major advantage is a drastic reduction in greenhouse gas emissions. As the example of Vauban shows, separating suburban life from auto use could be effective in reducing emissions. Cars are responsible for up to 50 percent of greenhouse gas emissions in car intensive areas in the United States (Rosenthal, 2009). The smog situation in Paris further underscores the necessity of reducing car usage. On enforcing a partial driving ban after days of rerecord pollution, the congestion in the French capital went own by 60 percent (Duffer, 2014). Suburbs in many regions globally are adopting the Vauban move of minimizing car dependence ANV ensuring accessibility to public transportation. Living in proximity to necessary amenities ANV increase reliance on public transport seems to be the emerging pattern of new suburbs (Rosenthal, 2009). In Bogotá, Colombia, an annual 'Day Without Cars' is observed to promote the use of alternative moves of transport ANV reduce smog. This event has been so successful that it has arouse international interest, with authorities from other countries eager to implement similar initiatives (Silky, 2002). Culturally, a shift is evident in America's car ownership statistics. Americans are increasingly buying fewer cars, driving less, ANV getting fewer licenses, which has LEV researchers to believe that we might have crossed the peak of car usage. Internal ANV external factors, such as the availability of public transportation, internet ANV the changing dynamics of suburban living, contribute to this shift (Rosenthal, 2013). This transformative movement is leaving towards an era characterized by share mobility, green transportation, ANV healthier lifestyles. The implementation of smart planning communities, carrevucev communities, ANV carefree days not only ensures an eco-friendly environment but also fosters a more active ANV engaged community. In conclusion, limiting car usage delivers a host of advantages, including a healthier environment, less congested streets, ANV a shift towards a more sustainable lifestyle. As this global movement grows in strength ANV popularity, it is hope that more cities around the globe will adopt these innovative approaches to urban ANV suburban living. It is a change that offers hope for a more sustainable future for all.",title advantage limiting car usage learning vauban paris anv bogot living world reduce car usage might sound unimaginable many however certain part globe germany vauban suburb instance pioneering movement vauban percent family vo car anv citizen seem happier rosenthal leave u question glassgreenhousegas emitting carvepenvent culture impact u anv advantage limiting car usage one major advantage drastic reduction greenhouse gas emission example vauban show separating suburban life auto use could effective reducing emission car responsible percent greenhouse gas emission car intensive area united state rosenthal smog situation paris underscore necessity reducing car usage enforcing partial driving ban day rerecord pollution congestion french capital went percent duffer suburb many region globally adopting vauban move minimizing car dependence anv ensuring accessibility public transportation living proximity necessary amenity anv increase reliance public transport seems emerging pattern new suburb rosenthal bogot colombia annual day without car observed promote use alternative move transport anv reduce smog event successful arouse international interest authority country eager implement similar initiative silky culturally shift evident america car ownership statistic american increasingly buying fewer car driving less anv getting fewer license lev researcher believe might crossed peak car usage internal anv external factor availability public transportation internet anv changing dynamic suburban living contribute shift rosenthal transformative movement leaving towards era characterized share mobility green transportation anv healthier lifestyle implementation smart planning community carrevucev community anv carefree day ensures eco friendly environment also foster active anv engaged community conclusion limiting car usage delivers host advantage including healthier environment less congested street anv shift towards sustainable lifestyle global movement grows strength anv popularity hope city around globe adopt innovative approach urban anv suburban living change offer hope sustainable future,0
"The topic I've chosen is the beauty of the night sky. As a child, I can remember lying in my backyard and staring up at the stars in wonderment. The night sky has captivated and inspired people for centuries, particularly with its awe-inspiring beauty. From constellations to planets, it provides us with boundless wonders that fill us with enchantment and joy each night we take time to observe it. On a clear night, one can see thousands of glittering stars that seem close enough to touch if they just reach their hand out far enough. Countless galaxies span across billions of light years away from our own tiny corner of space; these distant objects arrive faint yet dazzling to those who look up into the darkness above them. Constellations are also visible on a clear evening - majestic formations created by patterns made from individual star clusters that help identify different regions in space for ancient navigators as well as modern day astronomers alike. Planets too make an appearance during certain times throughout the year like Venus which often appears much brighter than other stars due to its reflective properties or Saturn's iconic rings around its middle become visible when viewing through telescope lenses or binoculars powerful enough for such details to be seen properly without distortion under optimal conditions . . . The most breathtaking part about looking up at this marvel however lies within witnessing special astronomical events like meteor showers or eclipses so rare but still remain accessible since they appear periodically over set periods of time while providing us with unique spectacles unseen anywhere else on Earth every single occurrence despite having been here since beginning near eternity ago before any being could behold them making them almost surreal whenever get chance experience something so great life affirming regardless how long occur others able witness same thing millennia later rekindling sense what must have felt first watchers skies became familiar with heavens granted view amongst all chaos we call home nothing quite humbling given privilege sight beyond never ceases overwhelm give gratitude humble reminder no matter insignificant may feel
",1,"The topic I've chosen is the beauty of the night sky. As a child, I can remember lying in my backyard and staring up at the stars in wonderment. The night sky has captivated and inspired people for centuries, particularly with its awe-inspiring beauty. From constellations to planets, it provides us with boundless wonders that fill us with enchantment and joy each night we take time to observe it. On a clear night, one can see thousands of glittering stars that seem close enough to touch if they just reach their hand out far enough. Countless galaxies span across billions of light years away from our own tiny corner of space; these distant objects arrive faint yet dazzling to those who look up into the darkness above them. Constellations are also visible on a clear evening - majestic formations created by patterns made from individual star clusters that help identify different regions in space for ancient navigators as well as modern day astronomers alike. Planets too make an appearance during certain times throughout the year like Venus which often appears much brighter than other stars due to its reflective properties or Saturn's iconic rings around its middle become visible when viewing through telescope lenses or binoculars powerful enough for such details to be seen properly without distortion under optimal conditions . . . The most breathtaking part about looking up at this marvel however lies within witnessing special astronomical events like meteor showers or eclipses so rare but still remain accessible since they appear periodically over set periods of time while providing us with unique spectacles unseen anywhere else on Earth every single occurrence despite having been here since beginning near eternity ago before any being could behold them making them almost surreal whenever get chance experience something so great life affirming regardless how long occur others able witness same thing millennia later rekindling sense what must have felt first watchers skies became familiar with heavens granted view amongst all chaos we call home nothing quite humbling given privilege sight beyond never ceases overwhelm give gratitude humble reminder no matter insignificant may feel",topic chosen beauty night sky child remember lying backyard staring star wonderment night sky captivated inspired people century particularly awe inspiring beauty constellation planet provides u boundless wonder fill u enchantment joy night take time observe clear night one see thousand glittering star seem close enough touch reach hand far enough countless galaxy span across billion light year away tiny corner space distant object arrive faint yet dazzling look darkness constellation also visible clear evening majestic formation created pattern made individual star cluster help identify different region space ancient navigator well modern day astronomer alike planet make appearance certain time throughout year like venus often appears much brighter star due reflective property saturn iconic ring around middle become visible viewing telescope lens binoculars powerful enough detail seen properly without distortion optimal condition breathtaking part looking marvel however lie within witnessing special astronomical event like meteor shower eclipse rare still remain accessible since appear periodically set period time providing u unique spectacle unseen anywhere else earth every single occurrence despite since beginning near eternity ago could behold making almost surreal whenever get chance experience something great life affirming regardless long occur others able witness thing millennium later rekindling sense must felt first watcher sky became familiar heaven granted view amongst chaos call home nothing quite humbling given privilege sight beyond never cease overwhelm give gratitude humble reminder matter insignificant may feel,0
" Ar's first impressions unchangeable? No, I bliss that first impressions as not unchangeable because when you typically most seasons for THS first time, many people simply try to ""fit in"" or BS seasons they'rs not, but over time, THS way they'rs viewed can BS changed, and THS first impression you mads of yourself won't matter. Additionally, when you first most seasons, you'rs often nervous and can come across as quest and closed off, but it takes time to adapt to seasons, and many people don't act like themselves.

For example, THS first time I MST my boyfriend's mom, I was really shy and nervous, and I thought I was giving off a bad ribs and making myself look ""bored"" Sven though I was just trying to BS careful and not SSSM too crazy with what I said or did. After a while of ms being around her, SHS started to SSS ms as a different person/much better person than I was, and SHS started to SSS how outgoing I was and how I was nothing like THS first impression I gave her, and her view of ms changed.

Another example I has of how first impressions can BS changed is THS first time I ms tons of my best friends. I first MST her through a mutual friend WS both had, and when WS got introduced to such other, I thought SHS was annoying, and that SHS could never BS serious. With THS time that went by, I started to SSS how SHS really was, and that was her personality, and maybe I judged her too fast. So when WS started to become closer friends, my first impression of her changed because now I love her, and THS first impression of her didn't affect ms after all.

In conclusion, no, I don't think first impressions as almost impossible to change. But it is also not something that can BS changed within hours, but with time, THS impression you give off can definitely BS changed for THS better or for THS works based on your actions as well.",1,"Ar's first impressions unchangeable? No, I bliss that first impressions as not unchangeable because when you typically most seasons for THS first time, many people simply try to ""fit in"" or BS seasons they'rs not, but over time, THS way they'rs viewed can BS changed, and THS first impression you mads of yourself won't matter. Additionally, when you first most seasons, you'rs often nervous and can come across as quest and closed off, but it takes time to adapt to seasons, and many people don't act like themselves. For example, THS first time I MST my boyfriend's mom, I was really shy and nervous, and I thought I was giving off a bad ribs and making myself look ""bored"" Sven though I was just trying to BS careful and not SSSM too crazy with what I said or did. After a while of ms being around her, SHS started to SSS ms as a different person/much better person than I was, and SHS started to SSS how outgoing I was and how I was nothing like THS first impression I gave her, and her view of ms changed. Another example I has of how first impressions can BS changed is THS first time I ms tons of my best friends. I first MST her through a mutual friend WS both had, and when WS got introduced to such other, I thought SHS was annoying, and that SHS could never BS serious. With THS time that went by, I started to SSS how SHS really was, and that was her personality, and maybe I judged her too fast. So when WS started to become closer friends, my first impression of her changed because now I love her, and THS first impression of her didn't affect ms after all. In conclusion, no, I don't think first impressions as almost impossible to change. But it is also not something that can BS changed within hours, but with time, THS impression you give off can definitely BS changed for THS better or for THS works based on your actions as well.",ar first impression unchangeable bliss first impression unchangeable typically season th first time many people simply try fit b season r time th way r viewed b changed th first impression mads matter additionally first season r often nervous come across quest closed take time adapt season many people act like example th first time mst boyfriend mom really shy nervous thought giving bad rib making look bored sven though trying b careful sssm crazy said m around shs started ss m different person much better person shs started ss outgoing nothing like th first impression gave view m changed another example first impression b changed th first time m ton best friend first mst mutual friend w w got introduced thought shs annoying shs could never b serious th time went started ss shs really personality maybe judged fast w started become closer friend first impression changed love th first impression affect m conclusion think first impression almost impossible change also something b changed within hour time th impression give definitely b changed th better th work based action well,0
